Code_Destination,Pays_Destination,Code_Origine,Pays_Origine,Annee,Montant_Bourses_MUSD,Nombre_Etudiants_Africains
BEL,Belgique,BEN,Bénin,2017,33.159689,5650.0
BEL,Belgique,BEN,Bénin,2018,33.955332999999996,4761.0
BEL,Belgique,BEN,Bénin,2019,29.434282,4857.0
BEL,Belgique,BEN,Bénin,2020,24.628748,6906.0
BEL,Belgique,BEN,Bénin,2021,30.608721,7809.0
BEL,Belgique,BEN,Bénin,2022,31.886419999999998,9538.0
BEL,Belgique,BEN,Bénin,2023,31.424092,9820.0
BEL,Belgique,BEN,Bénin,2024,23.243312,7735.0
BEL,Belgique,BFA,Burkina Faso,2017,19.627244,5650.0
BEL,Belgique,BFA,Burkina Faso,2018,20.348886,4761.0
BEL,Belgique,BFA,Burkina Faso,2019,23.876867,4857.0
BEL,Belgique,BFA,Burkina Faso,2020,49.100331000000004,6906.0
BEL,Belgique,BFA,Burkina Faso,2021,44.108222000000005,7809.0
BEL,Belgique,BFA,Burkina Faso,2022,40.530141,9538.0
BEL,Belgique,BFA,Burkina Faso,2023,33.692547999999995,9820.0
BEL,Belgique,BFA,Burkina Faso,2024,23.868853,7735.0
BEL,Belgique,CIV,Côte d’Ivoire,2017,0.216852,5650.0
BEL,Belgique,CIV,Côte d’Ivoire,2018,0.134623,4761.0
BEL,Belgique,CIV,Côte d’Ivoire,2019,0.918787,4857.0
BEL,Belgique,CIV,Côte d’Ivoire,2020,0.30403800000000003,6906.0
BEL,Belgique,CIV,Côte d’Ivoire,2021,0.377049,7809.0
BEL,Belgique,CIV,Côte d’Ivoire,2022,0.264054,9538.0
BEL,Belgique,CIV,Côte d’Ivoire,2023,0.797563,9820.0
BEL,Belgique,CIV,Côte d’Ivoire,2024,2.041821,7735.0
BEL,Belgique,CMR,Cameroun,2017,5.460416,5650.0
BEL,Belgique,CMR,Cameroun,2018,4.345432,4761.0
BEL,Belgique,CMR,Cameroun,2019,4.481031,4857.0
BEL,Belgique,CMR,Cameroun,2020,3.726085,6906.0
BEL,Belgique,CMR,Cameroun,2021,3.90555,7809.0
BEL,Belgique,CMR,Cameroun,2022,3.316171,9538.0
BEL,Belgique,CMR,Cameroun,2023,3.571314,9820.0
BEL,Belgique,CMR,Cameroun,2024,4.473327,7735.0
BEL,Belgique,COG,Congo,2017,0.018918,5650.0
BEL,Belgique,COG,Congo,2018,0.025545,4761.0
BEL,Belgique,COG,Congo,2019,0.025331,4857.0
BEL,Belgique,COG,Congo,2020,0.310151,6906.0
BEL,Belgique,COG,Congo,2021,0.983059,7809.0
BEL,Belgique,COG,Congo,2022,0.009359,9538.0
BEL,Belgique,COG,Congo,2023,0.908373,9820.0
BEL,Belgique,COG,Congo,2024,0.004651,8363.0
BEL,Belgique,GAB,Gabon,2020,0.120585,6906.0
BEL,Belgique,MAR,Maroc,2017,23.062208,5650.0
BEL,Belgique,MAR,Maroc,2018,18.341895,4761.0
BEL,Belgique,MAR,Maroc,2019,21.924286,4857.0
BEL,Belgique,MAR,Maroc,2020,17.857698000000003,6906.0
BEL,Belgique,MAR,Maroc,2021,22.125920999999998,7809.0
BEL,Belgique,MAR,Maroc,2022,10.914594000000001,9538.0
BEL,Belgique,MAR,Maroc,2023,9.038566000000001,9820.0
BEL,Belgique,MAR,Maroc,2024,12.095145,7735.0
BEL,Belgique,NER,Niger,2017,25.915389,5650.0
BEL,Belgique,NER,Niger,2018,26.386826,4761.0
BEL,Belgique,NER,Niger,2019,24.154074,4857.0
BEL,Belgique,NER,Niger,2020,28.533722,6906.0
BEL,Belgique,NER,Niger,2021,37.212839,7809.0
BEL,Belgique,NER,Niger,2022,29.18442,9538.0
BEL,Belgique,NER,Niger,2023,30.104392,9820.0
BEL,Belgique,NER,Niger,2024,34.001492,7735.0
BEL,Belgique,SEN,Sénégal,2017,20.222369,5650.0
BEL,Belgique,SEN,Sénégal,2018,12.754795,4761.0
BEL,Belgique,SEN,Sénégal,2019,12.480222000000001,4857.0
BEL,Belgique,SEN,Sénégal,2020,15.466439000000001,6906.0
BEL,Belgique,SEN,Sénégal,2021,18.475702000000002,7809.0
BEL,Belgique,SEN,Sénégal,2022,22.235807,9538.0
BEL,Belgique,SEN,Sénégal,2023,25.81393,9820.0
BEL,Belgique,SEN,Sénégal,2024,26.714264,7735.0
BEL,Belgique,TCD,Tchad,2017,0.238844,5650.0
BEL,Belgique,TCD,Tchad,2018,5.008646,4761.0
BEL,Belgique,TCD,Tchad,2019,4.657986,4857.0
BEL,Belgique,TCD,Tchad,2022,0.08138,9538.0
BEL,Belgique,TCD,Tchad,2023,0.115698,9820.0
BEL,Belgique,TCD,Tchad,2024,0.001622,7735.0
BEL,Belgique,TGO,Togo,2017,1.05257,5650.0
BEL,Belgique,TGO,Togo,2018,0.825942,4761.0
BEL,Belgique,TGO,Togo,2019,0.716417,4857.0
BEL,Belgique,TGO,Togo,2020,0.789732,6906.0
BEL,Belgique,TGO,Togo,2021,0.749945,7809.0
BEL,Belgique,TGO,Togo,2022,0.484483,9538.0
BEL,Belgique,TGO,Togo,2023,1.006397,9820.0
BEL,Belgique,TGO,Togo,2024,0.645015,7735.0
BEL,Belgique,TUN,Tunisie,2017,2.3984769999999997,5650.0
BEL,Belgique,TUN,Tunisie,2018,1.098149,4761.0
BEL,Belgique,TUN,Tunisie,2019,1.266788,4857.0
BEL,Belgique,TUN,Tunisie,2020,0.670018,6906.0
BEL,Belgique,TUN,Tunisie,2021,0.642925,7809.0
BEL,Belgique,TUN,Tunisie,2022,0.139509,9538.0
BEL,Belgique,TUN,Tunisie,2023,0.141042,9820.0
BEL,Belgique,TUN,Tunisie,2024,0.506832,9820.0
CAN,Canada,BEN,Bénin,2017,19.492568,22845.0
CAN,Canada,BEN,Bénin,2018,23.876414,24412.494140625
CAN,Canada,BEN,Bénin,2019,22.128545,25848.0
CAN,Canada,BEN,Bénin,2020,27.466451,30069.0
CAN,Canada,BEN,Bénin,2021,20.489142,32157.0
CAN,Canada,BEN,Bénin,2022,19.126679,36564.0
CAN,Canada,BEN,Bénin,2023,18.497641,42825.0
CAN,Canada,BEN,Bénin,2024,24.268884,32835.0
CAN,Canada,BFA,Burkina Faso,2017,47.759394,22845.0
CAN,Canada,BFA,Burkina Faso,2018,62.433978,24412.494140625
CAN,Canada,BFA,Burkina Faso,2019,66.128818,25848.0
CAN,Canada,BFA,Burkina Faso,2020,57.895379,30069.0
CAN,Canada,BFA,Burkina Faso,2021,64.383406,32157.0
CAN,Canada,BFA,Burkina Faso,2022,53.186023,36564.0
CAN,Canada,BFA,Burkina Faso,2023,50.038523,42825.0
CAN,Canada,BFA,Burkina Faso,2024,39.855894,32835.0
CAN,Canada,CIV,Côte d’Ivoire,2017,5.518058999999999,22845.0
CAN,Canada,CIV,Côte d’Ivoire,2018,19.540106999999995,24412.494140625
CAN,Canada,CIV,Côte d’Ivoire,2019,17.242692,25848.0
CAN,Canada,CIV,Côte d’Ivoire,2020,23.02646,30069.0
CAN,Canada,CIV,Côte d’Ivoire,2021,11.613451,32157.0
CAN,Canada,CIV,Côte d’Ivoire,2022,25.490182,36564.0
CAN,Canada,CIV,Côte d’Ivoire,2023,16.090595,42825.0
CAN,Canada,CIV,Côte d’Ivoire,2024,20.267059999999997,32835.0
CAN,Canada,CMR,Cameroun,2017,12.309403,22845.0
CAN,Canada,CMR,Cameroun,2018,18.192639,24412.494140625
CAN,Canada,CMR,Cameroun,2019,11.13326,25848.0
CAN,Canada,CMR,Cameroun,2020,22.440521,30069.0
CAN,Canada,CMR,Cameroun,2021,22.337370999999997,32157.0
CAN,Canada,CMR,Cameroun,2022,12.663177,36564.0
CAN,Canada,CMR,Cameroun,2023,12.370050999999998,42825.0
CAN,Canada,CMR,Cameroun,2024,10.140192,32835.0
CAN,Canada,COG,Congo,2017,0.869468,22845.0
CAN,Canada,COG,Congo,2018,0.913301,24412.494140625
CAN,Canada,COG,Congo,2019,1.27896,25848.0
CAN,Canada,COG,Congo,2020,1.433367,30069.0
CAN,Canada,COG,Congo,2021,1.25148,32157.0
CAN,Canada,COG,Congo,2022,3.369627,36564.0
CAN,Canada,COG,Congo,2023,2.897585,42825.0
CAN,Canada,COG,Congo,2024,0.6652720000000001,32835.0
CAN,Canada,GAB,Gabon,2017,0.916064,22845.0
CAN,Canada,GAB,Gabon,2018,1.052239,24412.494140625
CAN,Canada,GAB,Gabon,2019,1.433819,25848.0
CAN,Canada,GAB,Gabon,2020,0.977534,30069.0
CAN,Canada,GAB,Gabon,2021,0.604317,32157.0
CAN,Canada,GAB,Gabon,2022,0.6087100000000001,36564.0
CAN,Canada,GAB,Gabon,2023,0.233,42825.0
CAN,Canada,GAB,Gabon,2024,0.631003,32835.0
CAN,Canada,GNQ,Guinée équatoriale,2017,0.7916569999999999,22845.0
CAN,Canada,GNQ,Guinée équatoriale,2018,0.87498,24412.494140625
CAN,Canada,GNQ,Guinée équatoriale,2019,1.283832,25848.0
CAN,Canada,GNQ,Guinée équatoriale,2020,0.700637,30069.0
CAN,Canada,GNQ,Guinée équatoriale,2021,0.404955,32157.0
CAN,Canada,GNQ,Guinée équatoriale,2022,0.62267,36564.0
CAN,Canada,GNQ,Guinée équatoriale,2023,0.159896,42825.0
CAN,Canada,GNQ,Guinée équatoriale,2024,0.099871,32835.0
CAN,Canada,MAR,Maroc,2017,14.228289,22845.0
CAN,Canada,MAR,Maroc,2018,15.210920000000002,24412.494140625
CAN,Canada,MAR,Maroc,2019,11.298226999999999,25848.0
CAN,Canada,MAR,Maroc,2020,5.88287,30069.0
CAN,Canada,MAR,Maroc,2021,6.718609,32157.0
CAN,Canada,MAR,Maroc,2022,9.783825,36564.0
CAN,Canada,MAR,Maroc,2023,11.352931,42825.0
CAN,Canada,MAR,Maroc,2024,9.239839,32835.0
CAN,Canada,NER,Niger,2017,16.723726999999997,22845.0
CAN,Canada,NER,Niger,2018,22.549756000000002,24412.494140625
CAN,Canada,NER,Niger,2019,26.826491,25848.0
CAN,Canada,NER,Niger,2020,24.62087,30069.0
CAN,Canada,NER,Niger,2021,23.165506000000004,32157.0
CAN,Canada,NER,Niger,2022,19.268772,36564.0
CAN,Canada,NER,Niger,2023,21.025832,42825.0
CAN,Canada,NER,Niger,2024,14.366467,32835.0
CAN,Canada,SEN,Sénégal,2017,77.217596,22845.0
CAN,Canada,SEN,Sénégal,2018,122.624151,24412.494140625
CAN,Canada,SEN,Sénégal,2019,44.636781000000006,25848.0
CAN,Canada,SEN,Sénégal,2020,78.901194,30069.0
CAN,Canada,SEN,Sénégal,2021,74.19202800000001,32157.0
CAN,Canada,SEN,Sénégal,2022,74.81024000000001,36564.0
CAN,Canada,SEN,Sénégal,2023,80.413013,42825.0
CAN,Canada,SEN,Sénégal,2024,56.589432,32835.0
CAN,Canada,TCD,Tchad,2017,13.859725000000001,22845.0
CAN,Canada,TCD,Tchad,2018,17.932221,24412.494140625
CAN,Canada,TCD,Tchad,2019,13.843231999999999,25848.0
CAN,Canada,TCD,Tchad,2020,12.015191999999999,30069.0
CAN,Canada,TCD,Tchad,2021,11.596814,32157.0
CAN,Canada,TCD,Tchad,2022,12.520947999999999,36564.0
CAN,Canada,TCD,Tchad,2023,19.095335,42825.0
CAN,Canada,TCD,Tchad,2024,13.010518000000001,32835.0
CAN,Canada,TGO,Togo,2017,2.876558,22845.0
CAN,Canada,TGO,Togo,2018,2.9458640000000003,24412.494140625
CAN,Canada,TGO,Togo,2019,4.451128,25848.0
CAN,Canada,TGO,Togo,2020,6.005942,30069.0
CAN,Canada,TGO,Togo,2021,4.979349,32157.0
CAN,Canada,TGO,Togo,2022,4.650264,36564.0
CAN,Canada,TGO,Togo,2023,5.196384999999999,42825.0
CAN,Canada,TGO,Togo,2024,7.085872999999999,32835.0
CAN,Canada,TUN,Tunisie,2017,2.496397,22845.0
CAN,Canada,TUN,Tunisie,2018,7.6253910000000005,24412.494140625
CAN,Canada,TUN,Tunisie,2019,7.337374,25848.0
CAN,Canada,TUN,Tunisie,2020,6.8780030000000005,30069.0
CAN,Canada,TUN,Tunisie,2021,13.534271,32157.0
CAN,Canada,TUN,Tunisie,2022,9.732834,36564.0
CAN,Canada,TUN,Tunisie,2023,8.675447,42825.0
CAN,Canada,TUN,Tunisie,2024,9.964886,42825.0
DAC,Pays du CAD,BEN,Bénin,2017,452.860548,0.0
DAC,Pays du CAD,BEN,Bénin,2018,362.876576,0.0
DAC,Pays du CAD,BEN,Bénin,2019,403.29039,0.0
DAC,Pays du CAD,BEN,Bénin,2020,468.705861,0.0
DAC,Pays du CAD,BEN,Bénin,2021,539.791753,0.0
DAC,Pays du CAD,BEN,Bénin,2022,531.14495,0.0
DAC,Pays du CAD,BEN,Bénin,2023,598.294123,0.0
DAC,Pays du CAD,BEN,Bénin,2024,589.057524,0.0
DAC,Pays du CAD,BFA,Burkina Faso,2017,565.698472,0.0
DAC,Pays du CAD,BFA,Burkina Faso,2018,584.474428,0.0
DAC,Pays du CAD,BFA,Burkina Faso,2019,736.8428409999999,0.0
DAC,Pays du CAD,BFA,Burkina Faso,2020,873.8361540000001,0.0
DAC,Pays du CAD,BFA,Burkina Faso,2021,937.241696,0.0
DAC,Pays du CAD,BFA,Burkina Faso,2022,851.961022,0.0
DAC,Pays du CAD,BFA,Burkina Faso,2023,714.062139,0.0
DAC,Pays du CAD,BFA,Burkina Faso,2024,720.733404,0.0
DAC,Pays du CAD,CIV,Côte d’Ivoire,2017,852.959619,0.0
DAC,Pays du CAD,CIV,Côte d’Ivoire,2018,783.2833979999999,0.0
DAC,Pays du CAD,CIV,Côte d’Ivoire,2019,857.431837,0.0
DAC,Pays du CAD,CIV,Côte d’Ivoire,2020,831.10543,0.0
DAC,Pays du CAD,CIV,Côte d’Ivoire,2021,887.433524,0.0
DAC,Pays du CAD,CIV,Côte d’Ivoire,2022,1238.7867649999998,0.0
DAC,Pays du CAD,CIV,Côte d’Ivoire,2023,1249.592854,0.0
DAC,Pays du CAD,CIV,Côte d’Ivoire,2024,1140.472921,0.0
DAC,Pays du CAD,CMR,Cameroun,2017,818.0294319999999,0.0
DAC,Pays du CAD,CMR,Cameroun,2018,885.185514,0.0
DAC,Pays du CAD,CMR,Cameroun,2019,956.710915,0.0
DAC,Pays du CAD,CMR,Cameroun,2020,809.498281,0.0
DAC,Pays du CAD,CMR,Cameroun,2021,715.5413619999999,0.0
DAC,Pays du CAD,CMR,Cameroun,2022,898.533442,0.0
DAC,Pays du CAD,CMR,Cameroun,2023,708.283823,0.0
DAC,Pays du CAD,CMR,Cameroun,2024,701.697984,0.0
DAC,Pays du CAD,COG,Congo,2017,103.50552,0.0
DAC,Pays du CAD,COG,Congo,2018,123.957122,0.0
DAC,Pays du CAD,COG,Congo,2019,160.187621,0.0
DAC,Pays du CAD,COG,Congo,2020,151.36694599999998,0.0
DAC,Pays du CAD,COG,Congo,2021,130.718751,0.0
DAC,Pays du CAD,COG,Congo,2022,184.344024,0.0
DAC,Pays du CAD,COG,Congo,2023,176.522875,0.0
DAC,Pays du CAD,COG,Congo,2024,153.24665,0.0
DAC,Pays du CAD,GAB,Gabon,2017,163.811259,0.0
DAC,Pays du CAD,GAB,Gabon,2018,168.722546,0.0
DAC,Pays du CAD,GAB,Gabon,2019,198.132015,0.0
DAC,Pays du CAD,GAB,Gabon,2020,109.043312,0.0
DAC,Pays du CAD,GAB,Gabon,2021,165.305515,0.0
DAC,Pays du CAD,GAB,Gabon,2022,200.556936,0.0
DAC,Pays du CAD,GAB,Gabon,2023,112.908061,0.0
DAC,Pays du CAD,GAB,Gabon,2024,98.948594,0.0
DAC,Pays du CAD,GNQ,Guinée équatoriale,2017,10.417925,0.0
DAC,Pays du CAD,GNQ,Guinée équatoriale,2018,8.215239,0.0
DAC,Pays du CAD,GNQ,Guinée équatoriale,2019,8.32636,0.0
DAC,Pays du CAD,GNQ,Guinée équatoriale,2020,7.48558,0.0
DAC,Pays du CAD,GNQ,Guinée équatoriale,2021,9.224386,0.0
DAC,Pays du CAD,GNQ,Guinée équatoriale,2022,9.957033,0.0
DAC,Pays du CAD,GNQ,Guinée équatoriale,2023,8.904066,0.0
DAC,Pays du CAD,GNQ,Guinée équatoriale,2024,8.891297999999999,0.0
DAC,Pays du CAD,MAR,Maroc,2017,1787.921992,0.0
DAC,Pays du CAD,MAR,Maroc,2018,1288.360401,0.0
DAC,Pays du CAD,MAR,Maroc,2019,1360.132768,0.0
DAC,Pays du CAD,MAR,Maroc,2020,1951.426299,0.0
DAC,Pays du CAD,MAR,Maroc,2021,1980.5181590000002,0.0
DAC,Pays du CAD,MAR,Maroc,2022,2256.717158,0.0
DAC,Pays du CAD,MAR,Maroc,2023,1542.4543119999998,0.0
DAC,Pays du CAD,MAR,Maroc,2024,1811.2753440000001,0.0
DAC,Pays du CAD,NER,Niger,2017,551.8807089999999,0.0
DAC,Pays du CAD,NER,Niger,2018,670.6929769999999,0.0
DAC,Pays du CAD,NER,Niger,2019,721.782873,0.0
DAC,Pays du CAD,NER,Niger,2020,865.75062,0.0
DAC,Pays du CAD,NER,Niger,2021,921.477202,0.0
DAC,Pays du CAD,NER,Niger,2022,914.28665,0.0
DAC,Pays du CAD,NER,Niger,2023,799.129413,0.0
DAC,Pays du CAD,NER,Niger,2024,603.137647,0.0
DAC,Pays du CAD,SEN,Sénégal,2017,784.134918,0.0
DAC,Pays du CAD,SEN,Sénégal,2018,911.453798,0.0
DAC,Pays du CAD,SEN,Sénégal,2019,950.21655,0.0
DAC,Pays du CAD,SEN,Sénégal,2020,1104.706925,0.0
DAC,Pays du CAD,SEN,Sénégal,2021,996.3019609999999,0.0
DAC,Pays du CAD,SEN,Sénégal,2022,937.19571,0.0
DAC,Pays du CAD,SEN,Sénégal,2023,1211.2103929999998,0.0
DAC,Pays du CAD,SEN,Sénégal,2024,1103.447916,0.0
DAC,Pays du CAD,TCD,Tchad,2017,285.176632,0.0
DAC,Pays du CAD,TCD,Tchad,2018,373.11458500000003,0.0
DAC,Pays du CAD,TCD,Tchad,2019,349.88104100000004,0.0
DAC,Pays du CAD,TCD,Tchad,2020,348.220403,0.0
DAC,Pays du CAD,TCD,Tchad,2021,373.780145,0.0
DAC,Pays du CAD,TCD,Tchad,2022,370.22220599999997,0.0
DAC,Pays du CAD,TCD,Tchad,2023,373.52133200000003,0.0
DAC,Pays du CAD,TCD,Tchad,2024,502.192611,0.0
DAC,Pays du CAD,TGO,Togo,2017,118.31669600000001,0.0
DAC,Pays du CAD,TGO,Togo,2018,134.347575,0.0
DAC,Pays du CAD,TGO,Togo,2019,128.223128,0.0
DAC,Pays du CAD,TGO,Togo,2020,144.74087,0.0
DAC,Pays du CAD,TGO,Togo,2021,199.570529,0.0
DAC,Pays du CAD,TGO,Togo,2022,186.72833599999998,0.0
DAC,Pays du CAD,TGO,Togo,2023,228.714197,0.0
DAC,Pays du CAD,TGO,Togo,2024,296.892412,0.0
DAC,Pays du CAD,TUN,Tunisie,2017,842.96727,0.0
DAC,Pays du CAD,TUN,Tunisie,2018,936.0288580000001,0.0
DAC,Pays du CAD,TUN,Tunisie,2019,1307.45207,0.0
DAC,Pays du CAD,TUN,Tunisie,2020,1185.974548,0.0
DAC,Pays du CAD,TUN,Tunisie,2021,1304.580512,0.0
DAC,Pays du CAD,TUN,Tunisie,2022,1129.145334,0.0
DAC,Pays du CAD,TUN,Tunisie,2023,1065.406588,0.0
DAC,Pays du CAD,TUN,Tunisie,2024,990.213356,0.0
DEU,Allemagne,BEN,Bénin,2017,50.048256,23641.0
DEU,Allemagne,BEN,Bénin,2018,53.513138,27209.0
DEU,Allemagne,BEN,Bénin,2019,57.982256,29828.0
DEU,Allemagne,BEN,Bénin,2020,76.36632100000001,36350.0
DEU,Allemagne,BEN,Bénin,2021,62.234716,39359.0
DEU,Allemagne,BEN,Bénin,2022,67.04193,41908.0
DEU,Allemagne,BEN,Bénin,2023,61.246799,42478.0
DEU,Allemagne,BEN,Bénin,2024,38.304722,43223.0
DEU,Allemagne,BFA,Burkina Faso,2017,54.124886000000004,23641.0
DEU,Allemagne,BFA,Burkina Faso,2018,65.700884,27209.0
DEU,Allemagne,BFA,Burkina Faso,2019,96.15294,29828.0
DEU,Allemagne,BFA,Burkina Faso,2020,109.268671,36350.0
DEU,Allemagne,BFA,Burkina Faso,2021,77.520044,39359.0
DEU,Allemagne,BFA,Burkina Faso,2022,77.286115,41908.0
DEU,Allemagne,BFA,Burkina Faso,2023,67.748135,42478.0
DEU,Allemagne,BFA,Burkina Faso,2024,61.778056,43223.0
DEU,Allemagne,CIV,Côte d’Ivoire,2017,74.025222,23641.0
DEU,Allemagne,CIV,Côte d’Ivoire,2018,22.021463,27209.0
DEU,Allemagne,CIV,Côte d’Ivoire,2019,152.6379,29828.0
DEU,Allemagne,CIV,Côte d’Ivoire,2020,100.617378,36350.0
DEU,Allemagne,CIV,Côte d’Ivoire,2021,108.23179499999999,39359.0
DEU,Allemagne,CIV,Côte d’Ivoire,2022,113.348744,41908.0
DEU,Allemagne,CIV,Côte d’Ivoire,2023,130.464792,42478.0
DEU,Allemagne,CIV,Côte d’Ivoire,2024,80.77265,43223.0
DEU,Allemagne,CMR,Cameroun,2017,197.225956,23641.0
DEU,Allemagne,CMR,Cameroun,2018,197.82016800000002,27209.0
DEU,Allemagne,CMR,Cameroun,2019,200.424718,29828.0
DEU,Allemagne,CMR,Cameroun,2020,207.673239,36350.0
DEU,Allemagne,CMR,Cameroun,2021,214.419299,39359.0
DEU,Allemagne,CMR,Cameroun,2022,207.20147500000002,41908.0
DEU,Allemagne,CMR,Cameroun,2023,178.335209,42478.0
DEU,Allemagne,CMR,Cameroun,2024,177.320288,43223.0
DEU,Allemagne,COG,Congo,2017,1.035749,23641.0
DEU,Allemagne,COG,Congo,2018,1.054427,27209.0
DEU,Allemagne,COG,Congo,2019,1.088663,29828.0
DEU,Allemagne,COG,Congo,2020,1.054721,36350.0
DEU,Allemagne,COG,Congo,2021,1.0698239999999999,39359.0
DEU,Allemagne,COG,Congo,2022,0.832433,41908.0
DEU,Allemagne,COG,Congo,2023,0.978476,42478.0
DEU,Allemagne,COG,Congo,2024,0.8022610000000001,43223.0
DEU,Allemagne,GAB,Gabon,2017,1.873191,23641.0
DEU,Allemagne,GAB,Gabon,2018,1.617572,27209.0
DEU,Allemagne,GAB,Gabon,2019,1.571973,29828.0
DEU,Allemagne,GAB,Gabon,2020,1.434213,36350.0
DEU,Allemagne,GAB,Gabon,2021,1.373698,39359.0
DEU,Allemagne,GAB,Gabon,2022,1.206132,41908.0
DEU,Allemagne,GAB,Gabon,2023,1.1604839999999998,42478.0
DEU,Allemagne,GAB,Gabon,2024,1.437582,43223.0
DEU,Allemagne,GNQ,Guinée équatoriale,2017,0.033984,23641.0
DEU,Allemagne,GNQ,Guinée équatoriale,2018,0.023947,27209.0
DEU,Allemagne,GNQ,Guinée équatoriale,2019,0.01751,29828.0
DEU,Allemagne,GNQ,Guinée équatoriale,2020,0.031717,36350.0
DEU,Allemagne,GNQ,Guinée équatoriale,2021,0.015818,39359.0
DEU,Allemagne,GNQ,Guinée équatoriale,2022,0.043198,41908.0
DEU,Allemagne,GNQ,Guinée équatoriale,2023,0.054695,42478.0
DEU,Allemagne,GNQ,Guinée équatoriale,2024,0.118833,43223.0
DEU,Allemagne,MAR,Maroc,2017,603.2595160000001,23641.0
DEU,Allemagne,MAR,Maroc,2018,349.739599,27209.0
DEU,Allemagne,MAR,Maroc,2019,350.11119,29828.0
DEU,Allemagne,MAR,Maroc,2020,757.8714309999999,36350.0
DEU,Allemagne,MAR,Maroc,2021,544.696639,39359.0
DEU,Allemagne,MAR,Maroc,2022,708.2455219999999,41908.0
DEU,Allemagne,MAR,Maroc,2023,403.593632,42478.0
DEU,Allemagne,MAR,Maroc,2024,588.504078,43223.0
DEU,Allemagne,NER,Niger,2017,49.166106,23641.0
DEU,Allemagne,NER,Niger,2018,131.770912,27209.0
DEU,Allemagne,NER,Niger,2019,138.84845,29828.0
DEU,Allemagne,NER,Niger,2020,175.63033599999997,36350.0
DEU,Allemagne,NER,Niger,2021,169.403387,39359.0
DEU,Allemagne,NER,Niger,2022,201.593494,41908.0
DEU,Allemagne,NER,Niger,2023,116.137817,42478.0
DEU,Allemagne,NER,Niger,2024,33.751139,43223.0
DEU,Allemagne,SEN,Sénégal,2017,26.733453,23641.0
DEU,Allemagne,SEN,Sénégal,2018,59.959469000000006,27209.0
DEU,Allemagne,SEN,Sénégal,2019,55.788374,29828.0
DEU,Allemagne,SEN,Sénégal,2020,202.75613299999998,36350.0
DEU,Allemagne,SEN,Sénégal,2021,138.186037,39359.0
DEU,Allemagne,SEN,Sénégal,2022,70.006788,41908.0
DEU,Allemagne,SEN,Sénégal,2023,157.04764,42478.0
DEU,Allemagne,SEN,Sénégal,2024,71.16226,43223.0
DEU,Allemagne,TCD,Tchad,2017,32.786431,23641.0
DEU,Allemagne,TCD,Tchad,2018,45.288571000000005,27209.0
DEU,Allemagne,TCD,Tchad,2019,49.029212,29828.0
DEU,Allemagne,TCD,Tchad,2020,46.286591,36350.0
DEU,Allemagne,TCD,Tchad,2021,41.148968999999994,39359.0
DEU,Allemagne,TCD,Tchad,2022,56.58664099999999,41908.0
DEU,Allemagne,TCD,Tchad,2023,38.944672,42478.0
DEU,Allemagne,TCD,Tchad,2024,15.657019,43223.0
DEU,Allemagne,TGO,Togo,2017,41.257174,23641.0
DEU,Allemagne,TGO,Togo,2018,44.831348000000006,27209.0
DEU,Allemagne,TGO,Togo,2019,45.42831,29828.0
DEU,Allemagne,TGO,Togo,2020,56.452366999999995,36350.0
DEU,Allemagne,TGO,Togo,2021,77.31570500000001,39359.0
DEU,Allemagne,TGO,Togo,2022,53.412876000000004,41908.0
DEU,Allemagne,TGO,Togo,2023,62.487711,42478.0
DEU,Allemagne,TGO,Togo,2024,64.420782,43223.0
DEU,Allemagne,TUN,Tunisie,2017,281.821966,23641.0
DEU,Allemagne,TUN,Tunisie,2018,369.48285300000003,27209.0
DEU,Allemagne,TUN,Tunisie,2019,442.01052799999997,29828.0
DEU,Allemagne,TUN,Tunisie,2020,497.459729,36350.0
DEU,Allemagne,TUN,Tunisie,2021,543.039615,39359.0
DEU,Allemagne,TUN,Tunisie,2022,536.116307,41908.0
DEU,Allemagne,TUN,Tunisie,2023,365.21750099999997,42478.0
DEU,Allemagne,TUN,Tunisie,2024,274.639873,43223.0
ESP,Espagne,BEN,Bénin,2017,0.30846399999999996,3008.0
ESP,Espagne,BEN,Bénin,2018,0.38236299999999995,3527.0
ESP,Espagne,BEN,Bénin,2019,0.39239599999999997,3975.0
ESP,Espagne,BEN,Bénin,2020,0.640996,4571.0
ESP,Espagne,BEN,Bénin,2021,0.364393,5216.0
ESP,Espagne,BEN,Bénin,2022,0.581629,6066.0
ESP,Espagne,BEN,Bénin,2023,0.382173,7247.0
ESP,Espagne,BEN,Bénin,2024,0.7145509999999999,8625.0
ESP,Espagne,BFA,Burkina Faso,2017,5.053324,3008.0
ESP,Espagne,BFA,Burkina Faso,2018,4.082953,3527.0
ESP,Espagne,BFA,Burkina Faso,2019,7.0501119999999995,3975.0
ESP,Espagne,BFA,Burkina Faso,2020,4.0986720000000005,4571.0
ESP,Espagne,BFA,Burkina Faso,2021,6.4794540000000005,5216.0
ESP,Espagne,BFA,Burkina Faso,2022,3.6756399999999996,6066.0
ESP,Espagne,BFA,Burkina Faso,2023,5.989535,7247.0
ESP,Espagne,BFA,Burkina Faso,2024,6.077885,8625.0
ESP,Espagne,CIV,Côte d’Ivoire,2017,140.597669,3008.0
ESP,Espagne,CIV,Côte d’Ivoire,2018,9.195657,3527.0
ESP,Espagne,CIV,Côte d’Ivoire,2019,9.493654999999999,3975.0
ESP,Espagne,CIV,Côte d’Ivoire,2020,3.5313030000000003,4571.0
ESP,Espagne,CIV,Côte d’Ivoire,2021,12.366499,5216.0
ESP,Espagne,CIV,Côte d’Ivoire,2022,1.771933,6066.0
ESP,Espagne,CIV,Côte d’Ivoire,2023,1.665178,7247.0
ESP,Espagne,CIV,Côte d’Ivoire,2024,1.291372,8625.0
ESP,Espagne,CMR,Cameroun,2017,6.998162000000001,3008.0
ESP,Espagne,CMR,Cameroun,2018,6.197503,3527.0
ESP,Espagne,CMR,Cameroun,2019,3.6899689999999996,3975.0
ESP,Espagne,CMR,Cameroun,2020,2.110039,4571.0
ESP,Espagne,CMR,Cameroun,2021,1.1679620000000002,5216.0
ESP,Espagne,CMR,Cameroun,2022,1.553036,6066.0
ESP,Espagne,CMR,Cameroun,2023,0.702142,7247.0
ESP,Espagne,CMR,Cameroun,2024,1.51228,8625.0
ESP,Espagne,COG,Congo,2017,1.1895360000000001,3008.0
ESP,Espagne,COG,Congo,2018,0.8584390000000001,3527.0
ESP,Espagne,COG,Congo,2019,0.600893,3975.0
ESP,Espagne,COG,Congo,2020,0.24612799999999999,4571.0
ESP,Espagne,COG,Congo,2021,1.128041,5216.0
ESP,Espagne,COG,Congo,2022,0.407246,6066.0
ESP,Espagne,COG,Congo,2023,0.166492,7247.0
ESP,Espagne,COG,Congo,2024,0.08029900000000001,8625.0
ESP,Espagne,GAB,Gabon,2017,0.145725,3008.0
ESP,Espagne,GAB,Gabon,2018,0.111564,3527.0
ESP,Espagne,GAB,Gabon,2019,0.666449,3975.0
ESP,Espagne,GAB,Gabon,2020,0.013553,4571.0
ESP,Espagne,GAB,Gabon,2021,0.10844,5216.0
ESP,Espagne,GAB,Gabon,2022,0.096023,6066.0
ESP,Espagne,GAB,Gabon,2023,0.208129,7247.0
ESP,Espagne,GAB,Gabon,2024,0.161829,8625.0
ESP,Espagne,GNQ,Guinée équatoriale,2017,1.824627,3008.0
ESP,Espagne,GNQ,Guinée équatoriale,2018,2.2192890000000003,3527.0
ESP,Espagne,GNQ,Guinée équatoriale,2019,2.428407,3975.0
ESP,Espagne,GNQ,Guinée équatoriale,2020,2.5102800000000003,4571.0
ESP,Espagne,GNQ,Guinée équatoriale,2021,3.434941,5216.0
ESP,Espagne,GNQ,Guinée équatoriale,2022,4.032798,6066.0
ESP,Espagne,GNQ,Guinée équatoriale,2023,4.47016,7247.0
ESP,Espagne,GNQ,Guinée équatoriale,2024,3.008169,8625.0
ESP,Espagne,MAR,Maroc,2017,41.790848999999994,3008.0
ESP,Espagne,MAR,Maroc,2018,49.40909,3527.0
ESP,Espagne,MAR,Maroc,2019,60.950970999999996,3975.0
ESP,Espagne,MAR,Maroc,2020,45.182117000000005,4571.0
ESP,Espagne,MAR,Maroc,2021,41.324422999999996,5216.0
ESP,Espagne,MAR,Maroc,2022,42.653529,6066.0
ESP,Espagne,MAR,Maroc,2023,51.958315,7247.0
ESP,Espagne,MAR,Maroc,2024,47.148061999999996,8625.0
ESP,Espagne,NER,Niger,2017,17.318431999999998,3008.0
ESP,Espagne,NER,Niger,2018,11.535496,3527.0
ESP,Espagne,NER,Niger,2019,9.707619,3975.0
ESP,Espagne,NER,Niger,2020,13.396339,4571.0
ESP,Espagne,NER,Niger,2021,11.547770000000002,5216.0
ESP,Espagne,NER,Niger,2022,16.12097,6066.0
ESP,Espagne,NER,Niger,2023,19.627274,7247.0
ESP,Espagne,NER,Niger,2024,16.343159,8625.0
ESP,Espagne,SEN,Sénégal,2017,19.185339,3008.0
ESP,Espagne,SEN,Sénégal,2018,20.893053000000002,3527.0
ESP,Espagne,SEN,Sénégal,2019,22.515552999999997,3975.0
ESP,Espagne,SEN,Sénégal,2020,22.628715,4571.0
ESP,Espagne,SEN,Sénégal,2021,28.752664000000003,5216.0
ESP,Espagne,SEN,Sénégal,2022,29.304700999999998,6066.0
ESP,Espagne,SEN,Sénégal,2023,30.5156,7247.0
ESP,Espagne,SEN,Sénégal,2024,29.12611,8625.0
ESP,Espagne,TCD,Tchad,2017,1.109832,3008.0
ESP,Espagne,TCD,Tchad,2018,1.191045,3527.0
ESP,Espagne,TCD,Tchad,2019,2.955288,3975.0
ESP,Espagne,TCD,Tchad,2020,3.028361,4571.0
ESP,Espagne,TCD,Tchad,2021,8.15163,5216.0
ESP,Espagne,TCD,Tchad,2022,4.3573640000000005,6066.0
ESP,Espagne,TCD,Tchad,2023,2.856356,7247.0
ESP,Espagne,TCD,Tchad,2024,7.6032459999999995,8625.0
ESP,Espagne,TGO,Togo,2017,0.271939,3008.0
ESP,Espagne,TGO,Togo,2018,0.666577,3527.0
ESP,Espagne,TGO,Togo,2019,2.234601,3975.0
ESP,Espagne,TGO,Togo,2020,0.785801,4571.0
ESP,Espagne,TGO,Togo,2021,1.912097,5216.0
ESP,Espagne,TGO,Togo,2022,1.531058,6066.0
ESP,Espagne,TGO,Togo,2023,0.71627,7247.0
ESP,Espagne,TGO,Togo,2024,0.870225,8625.0
ESP,Espagne,TUN,Tunisie,2017,2.545535,3008.0
ESP,Espagne,TUN,Tunisie,2018,4.263929,3527.0
ESP,Espagne,TUN,Tunisie,2019,13.802124000000001,3975.0
ESP,Espagne,TUN,Tunisie,2020,8.524312,4571.0
ESP,Espagne,TUN,Tunisie,2021,6.118014,5216.0
ESP,Espagne,TUN,Tunisie,2022,5.972049000000001,6066.0
ESP,Espagne,TUN,Tunisie,2023,4.658373999999999,7247.0
ESP,Espagne,TUN,Tunisie,2024,5.246695,8625.0
FRA,France,BEN,Bénin,2017,74.047675,112217.0
FRA,France,BEN,Bénin,2018,76.17397199999999,114401.0
FRA,France,BEN,Bénin,2019,66.777572,123385.0
FRA,France,BEN,Bénin,2020,99.415274,126331.0
FRA,France,BEN,Bénin,2021,114.345892,133960.0
FRA,France,BEN,Bénin,2022,148.210746,138255.796875
FRA,France,BEN,Bénin,2023,205.982758,144379.203125
FRA,France,BEN,Bénin,2024,274.401653,151066.625
FRA,France,BFA,Burkina Faso,2017,137.071662,112217.0
FRA,France,BFA,Burkina Faso,2018,127.617871,114401.0
FRA,France,BFA,Burkina Faso,2019,153.56880299999997,123385.0
FRA,France,BFA,Burkina Faso,2020,199.50904300000002,126331.0
FRA,France,BFA,Burkina Faso,2021,158.81069000000002,133960.0
FRA,France,BFA,Burkina Faso,2022,180.32607,138255.796875
FRA,France,BFA,Burkina Faso,2023,93.35561599999998,144379.203125
FRA,France,BFA,Burkina Faso,2024,66.174398,151066.625
FRA,France,CIV,Côte d’Ivoire,2017,369.89259599999997,112217.0
FRA,France,CIV,Côte d’Ivoire,2018,448.816407,114401.0
FRA,France,CIV,Côte d’Ivoire,2019,517.90981,123385.0
FRA,France,CIV,Côte d’Ivoire,2020,384.09786299999996,126331.0
FRA,France,CIV,Côte d’Ivoire,2021,435.872015,133960.0
FRA,France,CIV,Côte d’Ivoire,2022,709.402918,138255.796875
FRA,France,CIV,Côte d’Ivoire,2023,616.361522,144379.203125
FRA,France,CIV,Côte d’Ivoire,2024,541.9640049999999,151066.625
FRA,France,CMR,Cameroun,2017,394.18983699999995,112217.0
FRA,France,CMR,Cameroun,2018,426.870843,114401.0
FRA,France,CMR,Cameroun,2019,499.986971,123385.0
FRA,France,CMR,Cameroun,2020,209.733418,126331.0
FRA,France,CMR,Cameroun,2021,173.801745,133960.0
FRA,France,CMR,Cameroun,2022,382.40274400000004,138255.796875
FRA,France,CMR,Cameroun,2023,245.171828,144379.203125
FRA,France,CMR,Cameroun,2024,236.87129199999998,151066.625
FRA,France,COG,Congo,2017,88.739056,112217.0
FRA,France,COG,Congo,2018,92.59063499999999,114401.0
FRA,France,COG,Congo,2019,126.960003,123385.0
FRA,France,COG,Congo,2020,110.360535,126331.0
FRA,France,COG,Congo,2021,83.81379100000001,133960.0
FRA,France,COG,Congo,2022,149.836915,138255.796875
FRA,France,COG,Congo,2023,141.211362,144379.203125
FRA,France,COG,Congo,2024,125.568023,151066.625
FRA,France,GAB,Gabon,2017,149.888478,112217.0
FRA,France,GAB,Gabon,2018,158.06445399999998,114401.0
FRA,France,GAB,Gabon,2019,185.40177400000002,123385.0
FRA,France,GAB,Gabon,2020,99.809422,126331.0
FRA,France,GAB,Gabon,2021,136.69537200000002,133960.0
FRA,France,GAB,Gabon,2022,190.68704200000002,138255.796875
FRA,France,GAB,Gabon,2023,103.059253,144379.203125
FRA,France,GAB,Gabon,2024,88.123743,151066.625
FRA,France,GNQ,Guinée équatoriale,2017,4.571457,112217.0
FRA,France,GNQ,Guinée équatoriale,2018,3.0068470000000005,114401.0
FRA,France,GNQ,Guinée équatoriale,2019,3.3131150000000003,123385.0
FRA,France,GNQ,Guinée équatoriale,2020,3.4030299999999998,126331.0
FRA,France,GNQ,Guinée équatoriale,2021,3.905902,133960.0
FRA,France,GNQ,Guinée équatoriale,2022,3.504151,138255.796875
FRA,France,GNQ,Guinée équatoriale,2023,3.088812,144379.203125
FRA,France,GNQ,Guinée équatoriale,2024,2.857406,151066.625
FRA,France,MAR,Maroc,2017,840.7415390000001,112217.0
FRA,France,MAR,Maroc,2018,633.5526150000001,114401.0
FRA,France,MAR,Maroc,2019,720.978424,123385.0
FRA,France,MAR,Maroc,2020,887.064334,126331.0
FRA,France,MAR,Maroc,2021,810.8064919999999,133960.0
FRA,France,MAR,Maroc,2022,956.8206759999999,138255.796875
FRA,France,MAR,Maroc,2023,718.648968,144379.203125
FRA,France,MAR,Maroc,2024,843.278936,151066.625
FRA,France,NER,Niger,2017,91.512323,112217.0
FRA,France,NER,Niger,2018,72.481278,114401.0
FRA,France,NER,Niger,2019,115.74746400000001,123385.0
FRA,France,NER,Niger,2020,138.322119,126331.0
FRA,France,NER,Niger,2021,137.602191,133960.0
FRA,France,NER,Niger,2022,158.412153,138255.796875
FRA,France,NER,Niger,2023,84.156309,144379.203125
FRA,France,NER,Niger,2024,38.560738,151066.625
FRA,France,SEN,Sénégal,2017,227.905324,112217.0
FRA,France,SEN,Sénégal,2018,328.874232,114401.0
FRA,France,SEN,Sénégal,2019,407.97690800000004,123385.0
FRA,France,SEN,Sénégal,2020,424.515332,126331.0
FRA,France,SEN,Sénégal,2021,333.852187,133960.0
FRA,France,SEN,Sénégal,2022,363.058589,138255.796875
FRA,France,SEN,Sénégal,2023,421.71986400000003,144379.203125
FRA,France,SEN,Sénégal,2024,286.703507,151066.625
FRA,France,TCD,Tchad,2017,118.710705,112217.0
FRA,France,TCD,Tchad,2018,121.247794,114401.0
FRA,France,TCD,Tchad,2019,132.53828099999998,123385.0
FRA,France,TCD,Tchad,2020,105.463591,126331.0
FRA,France,TCD,Tchad,2021,108.923901,133960.0
FRA,France,TCD,Tchad,2022,141.174451,138255.796875
FRA,France,TCD,Tchad,2023,131.729714,144379.203125
FRA,France,TCD,Tchad,2024,139.940238,151066.625
FRA,France,TGO,Togo,2017,43.090274,112217.0
FRA,France,TGO,Togo,2018,49.923576,114401.0
FRA,France,TGO,Togo,2019,42.744721,123385.0
FRA,France,TGO,Togo,2020,55.043207,126331.0
FRA,France,TGO,Togo,2021,63.34567500000001,133960.0
FRA,France,TGO,Togo,2022,92.989977,138255.796875
FRA,France,TGO,Togo,2023,98.21014100000001,144379.203125
FRA,France,TGO,Togo,2024,125.25946400000001,151066.625
FRA,France,TUN,Tunisie,2017,283.56092,112217.0
FRA,France,TUN,Tunisie,2018,250.730086,114401.0
FRA,France,TUN,Tunisie,2019,379.74123999999995,123385.0
FRA,France,TUN,Tunisie,2020,317.280419,126331.0
FRA,France,TUN,Tunisie,2021,370.036723,133960.0
FRA,France,TUN,Tunisie,2022,261.80685,138255.796875
FRA,France,TUN,Tunisie,2023,195.987357,144379.203125
FRA,France,TUN,Tunisie,2024,269.053339,151066.625
GBR,Royaume-Uni,BEN,Bénin,2017,0.5711440000000001,29900.0
GBR,Royaume-Uni,BEN,Bénin,2018,0.6556510000000001,27741.0
GBR,Royaume-Uni,BEN,Bénin,2019,0.370347,29302.0
GBR,Royaume-Uni,BEN,Bénin,2020,0.107112,33157.0
GBR,Royaume-Uni,BEN,Bénin,2021,0.180748,43123.0
GBR,Royaume-Uni,BEN,Bénin,2022,0.3241,68047.0
GBR,Royaume-Uni,BEN,Bénin,2024,0.069209,48973.5
GBR,Royaume-Uni,BFA,Burkina Faso,2017,2.869044,29900.0
GBR,Royaume-Uni,BFA,Burkina Faso,2018,2.937465,27741.0
GBR,Royaume-Uni,BFA,Burkina Faso,2019,2.353143,29302.0
GBR,Royaume-Uni,BFA,Burkina Faso,2020,0.515094,33157.0
GBR,Royaume-Uni,BFA,Burkina Faso,2021,0.29868,43123.0
GBR,Royaume-Uni,BFA,Burkina Faso,2022,0.239416,68047.0
GBR,Royaume-Uni,BFA,Burkina Faso,2024,0.879659,48973.5
GBR,Royaume-Uni,CIV,Côte d’Ivoire,2017,0.9613689999999999,29900.0
GBR,Royaume-Uni,CIV,Côte d’Ivoire,2018,1.6555849999999999,27741.0
GBR,Royaume-Uni,CIV,Côte d’Ivoire,2019,2.628079,29302.0
GBR,Royaume-Uni,CIV,Côte d’Ivoire,2020,2.801276,33157.0
GBR,Royaume-Uni,CIV,Côte d’Ivoire,2021,6.018937,43123.0
GBR,Royaume-Uni,CIV,Côte d’Ivoire,2022,4.482952,68047.0
GBR,Royaume-Uni,CIV,Côte d’Ivoire,2023,4.940028,96965.0
GBR,Royaume-Uni,CIV,Côte d’Ivoire,2024,0.342594,63432.5
GBR,Royaume-Uni,CMR,Cameroun,2017,6.087286000000001,29900.0
GBR,Royaume-Uni,CMR,Cameroun,2018,19.181378000000002,27741.0
GBR,Royaume-Uni,CMR,Cameroun,2019,19.89396,29302.0
GBR,Royaume-Uni,CMR,Cameroun,2020,24.284164999999998,33157.0
GBR,Royaume-Uni,CMR,Cameroun,2021,14.39775,43123.0
GBR,Royaume-Uni,CMR,Cameroun,2022,4.470163,68047.0
GBR,Royaume-Uni,CMR,Cameroun,2023,2.738774,96965.0
GBR,Royaume-Uni,CMR,Cameroun,2024,4.239108999999999,63432.5
GBR,Royaume-Uni,COG,Congo,2017,3.039408,29900.0
GBR,Royaume-Uni,COG,Congo,2018,2.885259,27741.0
GBR,Royaume-Uni,COG,Congo,2019,8.693673,29302.0
GBR,Royaume-Uni,COG,Congo,2020,2.265647,33157.0
GBR,Royaume-Uni,COG,Congo,2021,0.21943600000000002,43123.0
GBR,Royaume-Uni,COG,Congo,2022,0.193672,68047.0
GBR,Royaume-Uni,COG,Congo,2024,0.009582,48973.5
GBR,Royaume-Uni,GAB,Gabon,2017,0.1478,29900.0
GBR,Royaume-Uni,GAB,Gabon,2018,0.097344,27741.0
GBR,Royaume-Uni,GAB,Gabon,2019,0.132612,29302.0
GBR,Royaume-Uni,GNQ,Guinée équatoriale,2021,0.173164,43123.0
GBR,Royaume-Uni,GNQ,Guinée équatoriale,2022,0.197276,68047.0
GBR,Royaume-Uni,GNQ,Guinée équatoriale,2023,0.028405,96965.0
GBR,Royaume-Uni,GNQ,Guinée équatoriale,2024,0.334978,63432.5
GBR,Royaume-Uni,MAR,Maroc,2017,10.13896,29900.0
GBR,Royaume-Uni,MAR,Maroc,2018,9.60735,27741.0
GBR,Royaume-Uni,MAR,Maroc,2019,16.631875,29302.0
GBR,Royaume-Uni,MAR,Maroc,2020,14.049477,33157.0
GBR,Royaume-Uni,MAR,Maroc,2021,12.363282000000002,43123.0
GBR,Royaume-Uni,MAR,Maroc,2022,4.788279,68047.0
GBR,Royaume-Uni,MAR,Maroc,2023,2.840858,96965.0
GBR,Royaume-Uni,MAR,Maroc,2024,2.029563,63432.5
GBR,Royaume-Uni,NER,Niger,2017,0.232733,29900.0
GBR,Royaume-Uni,NER,Niger,2018,1.418868,27741.0
GBR,Royaume-Uni,NER,Niger,2019,1.560175,29302.0
GBR,Royaume-Uni,NER,Niger,2020,1.025958,33157.0
GBR,Royaume-Uni,NER,Niger,2021,1.849651,43123.0
GBR,Royaume-Uni,NER,Niger,2022,0.524417,68047.0
GBR,Royaume-Uni,NER,Niger,2023,0.531644,96965.0
GBR,Royaume-Uni,NER,Niger,2024,0.171342,63432.5
GBR,Royaume-Uni,SEN,Sénégal,2017,3.2319459999999998,29900.0
GBR,Royaume-Uni,SEN,Sénégal,2018,2.057144,27741.0
GBR,Royaume-Uni,SEN,Sénégal,2019,4.643261,29302.0
GBR,Royaume-Uni,SEN,Sénégal,2020,4.614733,33157.0
GBR,Royaume-Uni,SEN,Sénégal,2021,5.310773,43123.0
GBR,Royaume-Uni,SEN,Sénégal,2022,2.254219,68047.0
GBR,Royaume-Uni,SEN,Sénégal,2023,1.816607,96965.0
GBR,Royaume-Uni,SEN,Sénégal,2024,2.412093,63432.5
GBR,Royaume-Uni,TCD,Tchad,2017,0.139144,29900.0
GBR,Royaume-Uni,TCD,Tchad,2018,0.09704,27741.0
GBR,Royaume-Uni,TCD,Tchad,2019,3.046009,29302.0
GBR,Royaume-Uni,TCD,Tchad,2020,6.4181930000000005,33157.0
GBR,Royaume-Uni,TCD,Tchad,2021,2.1127629999999997,43123.0
GBR,Royaume-Uni,TCD,Tchad,2022,0.431159,68047.0
GBR,Royaume-Uni,TCD,Tchad,2023,3.85287,96965.0
GBR,Royaume-Uni,TCD,Tchad,2024,59.07517,63133.5
GBR,Royaume-Uni,TGO,Togo,2019,0.007288,29302.0
GBR,Royaume-Uni,TGO,Togo,2022,0.016895,68047.0
GBR,Royaume-Uni,TGO,Togo,2023,0.003972,96965.0
GBR,Royaume-Uni,TGO,Togo,2024,0.129552,63432.5
GBR,Royaume-Uni,TUN,Tunisie,2017,17.629952000000003,29900.0
GBR,Royaume-Uni,TUN,Tunisie,2018,20.034981,27741.0
GBR,Royaume-Uni,TUN,Tunisie,2019,28.344425,29302.0
GBR,Royaume-Uni,TUN,Tunisie,2020,23.332636,33157.0
GBR,Royaume-Uni,TUN,Tunisie,2021,16.993143,43123.0
GBR,Royaume-Uni,TUN,Tunisie,2022,8.730205,68047.0
GBR,Royaume-Uni,TUN,Tunisie,2023,4.912881,96965.0
GBR,Royaume-Uni,TUN,Tunisie,2024,5.493927,96965.0
ITA,Italie,BEN,Bénin,2017,9.205617,11924.0
ITA,Italie,BEN,Bénin,2018,3.900238,13748.0
ITA,Italie,BEN,Bénin,2019,7.052453,4843.0
ITA,Italie,BEN,Bénin,2020,7.852164,4996.0
ITA,Italie,BEN,Bénin,2021,9.195107,10149.0
ITA,Italie,BEN,Bénin,2022,6.014236,11880.0
ITA,Italie,BEN,Bénin,2023,3.1113030000000004,14082.0
ITA,Italie,BEN,Bénin,2024,3.408359,13003.0
ITA,Italie,BFA,Burkina Faso,2017,12.972621,11924.0
ITA,Italie,BFA,Burkina Faso,2018,16.120566,13748.0
ITA,Italie,BFA,Burkina Faso,2019,20.272601,4843.0
ITA,Italie,BFA,Burkina Faso,2020,14.629395,4996.0
ITA,Italie,BFA,Burkina Faso,2021,21.170298000000003,10149.0
ITA,Italie,BFA,Burkina Faso,2022,28.799047,11880.0
ITA,Italie,BFA,Burkina Faso,2023,13.807537,14082.0
ITA,Italie,BFA,Burkina Faso,2024,18.118794,13003.0
ITA,Italie,CIV,Côte d’Ivoire,2017,6.564459,11924.0
ITA,Italie,CIV,Côte d’Ivoire,2018,7.414361,13748.0
ITA,Italie,CIV,Côte d’Ivoire,2019,4.404008999999999,4843.0
ITA,Italie,CIV,Côte d’Ivoire,2020,5.362156,4996.0
ITA,Italie,CIV,Côte d’Ivoire,2021,6.620759,10149.0
ITA,Italie,CIV,Côte d’Ivoire,2022,4.089262,11880.0
ITA,Italie,CIV,Côte d’Ivoire,2023,3.9661999999999997,14082.0
ITA,Italie,CIV,Côte d’Ivoire,2024,3.6839660000000003,13003.0
ITA,Italie,CMR,Cameroun,2017,4.797059,11924.0
ITA,Italie,CMR,Cameroun,2018,6.559565,13748.0
ITA,Italie,CMR,Cameroun,2019,22.14809,4843.0
ITA,Italie,CMR,Cameroun,2020,21.499734999999998,4996.0
ITA,Italie,CMR,Cameroun,2021,19.273093,10149.0
ITA,Italie,CMR,Cameroun,2022,20.296681,11880.0
ITA,Italie,CMR,Cameroun,2023,20.721692,14082.0
ITA,Italie,CMR,Cameroun,2024,25.668872,13003.0
ITA,Italie,COG,Congo,2017,1.133457,11924.0
ITA,Italie,COG,Congo,2018,0.9978090000000001,13748.0
ITA,Italie,COG,Congo,2019,0.732349,4843.0
ITA,Italie,COG,Congo,2020,0.14498,4996.0
ITA,Italie,COG,Congo,2021,1.328033,10149.0
ITA,Italie,COG,Congo,2022,0.683033,11880.0
ITA,Italie,COG,Congo,2023,1.792837,14082.0
ITA,Italie,COG,Congo,2024,1.146923,13003.0
ITA,Italie,GAB,Gabon,2017,0.016309999999999998,11924.0
ITA,Italie,GAB,Gabon,2018,0.525874,13748.0
ITA,Italie,GAB,Gabon,2019,1.322382,4843.0
ITA,Italie,GAB,Gabon,2020,0.7187779999999999,4996.0
ITA,Italie,GAB,Gabon,2021,0.480004,10149.0
ITA,Italie,GAB,Gabon,2022,0.383968,11880.0
ITA,Italie,GAB,Gabon,2023,0.250545,14082.0
ITA,Italie,GAB,Gabon,2024,0.7098800000000001,13003.0
ITA,Italie,GNQ,Guinée équatoriale,2017,0.042296,11924.0
ITA,Italie,GNQ,Guinée équatoriale,2019,0.010096,4843.0
ITA,Italie,MAR,Maroc,2017,4.072222,11924.0
ITA,Italie,MAR,Maroc,2018,3.734539,13748.0
ITA,Italie,MAR,Maroc,2019,11.363333999999998,4843.0
ITA,Italie,MAR,Maroc,2020,5.650563,4996.0
ITA,Italie,MAR,Maroc,2021,4.490054,10149.0
ITA,Italie,MAR,Maroc,2022,6.448668,11880.0
ITA,Italie,MAR,Maroc,2023,7.283078,14082.0
ITA,Italie,MAR,Maroc,2024,6.585726,13003.0
ITA,Italie,NER,Niger,2017,90.04044999999999,11924.0
ITA,Italie,NER,Niger,2018,25.351468,13748.0
ITA,Italie,NER,Niger,2019,13.296337000000001,4843.0
ITA,Italie,NER,Niger,2020,22.201897999999996,4996.0
ITA,Italie,NER,Niger,2021,24.435689,10149.0
ITA,Italie,NER,Niger,2022,27.241868,11880.0
ITA,Italie,NER,Niger,2023,17.072995,14082.0
ITA,Italie,NER,Niger,2024,15.678533999999999,13003.0
ITA,Italie,SEN,Sénégal,2017,30.348128000000003,11924.0
ITA,Italie,SEN,Sénégal,2018,20.121176000000002,13748.0
ITA,Italie,SEN,Sénégal,2019,22.355549999999997,4843.0
ITA,Italie,SEN,Sénégal,2020,32.910835,4996.0
ITA,Italie,SEN,Sénégal,2021,42.762116,10149.0
ITA,Italie,SEN,Sénégal,2022,13.120593999999999,11880.0
ITA,Italie,SEN,Sénégal,2023,28.548795,14082.0
ITA,Italie,SEN,Sénégal,2024,26.805008,13003.0
ITA,Italie,TCD,Tchad,2017,14.787471,11924.0
ITA,Italie,TCD,Tchad,2018,4.528545,13748.0
ITA,Italie,TCD,Tchad,2019,3.3689329999999997,4843.0
ITA,Italie,TCD,Tchad,2020,2.423915,4996.0
ITA,Italie,TCD,Tchad,2021,5.978612,10149.0
ITA,Italie,TCD,Tchad,2022,3.498061,11880.0
ITA,Italie,TCD,Tchad,2023,3.0447230000000003,14082.0
ITA,Italie,TCD,Tchad,2024,3.4608429999999997,13003.0
ITA,Italie,TGO,Togo,2017,2.0520560000000003,11924.0
ITA,Italie,TGO,Togo,2018,1.405477,13748.0
ITA,Italie,TGO,Togo,2019,4.1017969999999995,4843.0
ITA,Italie,TGO,Togo,2020,4.320342,4996.0
ITA,Italie,TGO,Togo,2021,3.166375,10149.0
ITA,Italie,TGO,Togo,2022,1.76481,11880.0
ITA,Italie,TGO,Togo,2023,1.9942170000000001,14082.0
ITA,Italie,TGO,Togo,2024,2.202173,13003.0
ITA,Italie,TUN,Tunisie,2017,59.353209,11924.0
ITA,Italie,TUN,Tunisie,2018,31.282726,13748.0
ITA,Italie,TUN,Tunisie,2019,56.965943,4843.0
ITA,Italie,TUN,Tunisie,2020,102.05806700000001,4996.0
ITA,Italie,TUN,Tunisie,2021,65.99330599999999,10149.0
ITA,Italie,TUN,Tunisie,2022,55.851788,11880.0
ITA,Italie,TUN,Tunisie,2023,46.80054,14082.0
ITA,Italie,TUN,Tunisie,2024,108.536948,14082.0
JPN,Japon,BEN,Bénin,2017,17.945333,1824.0
JPN,Japon,BEN,Bénin,2018,12.992531,2074.0
JPN,Japon,BEN,Bénin,2019,9.359858,2190.0
JPN,Japon,BEN,Bénin,2020,19.851317,2138.0
JPN,Japon,BEN,Bénin,2021,10.098745000000001,1997.0
JPN,Japon,BEN,Bénin,2022,6.109552000000001,1958.0
JPN,Japon,BEN,Bénin,2023,7.14282,2237.0
JPN,Japon,BEN,Bénin,2024,14.441284999999999,2030.5
JPN,Japon,BFA,Burkina Faso,2017,18.839484,1824.0
JPN,Japon,BFA,Burkina Faso,2018,15.435527,2074.0
JPN,Japon,BFA,Burkina Faso,2019,24.949483,2190.0
JPN,Japon,BFA,Burkina Faso,2020,43.285419999999995,2138.0
JPN,Japon,BFA,Burkina Faso,2021,62.266544,1997.0
JPN,Japon,BFA,Burkina Faso,2022,37.844785,1958.0
JPN,Japon,BFA,Burkina Faso,2023,21.583053000000003,2237.0
JPN,Japon,BFA,Burkina Faso,2024,18.601881000000002,2030.5
JPN,Japon,CIV,Côte d’Ivoire,2017,32.02207,1824.0
JPN,Japon,CIV,Côte d’Ivoire,2018,20.458404,2074.0
JPN,Japon,CIV,Côte d’Ivoire,2019,41.938722000000006,2190.0
JPN,Japon,CIV,Côte d’Ivoire,2020,49.819578,2138.0
JPN,Japon,CIV,Côte d’Ivoire,2021,27.19442,1997.0
JPN,Japon,CIV,Côte d’Ivoire,2022,131.653973,1958.0
JPN,Japon,CIV,Côte d’Ivoire,2023,123.136849,2237.0
JPN,Japon,CIV,Côte d’Ivoire,2024,90.827829,2030.5
JPN,Japon,CMR,Cameroun,2017,25.030095,1824.0
JPN,Japon,CMR,Cameroun,2018,18.836370000000002,2074.0
JPN,Japon,CMR,Cameroun,2019,28.263168,2190.0
JPN,Japon,CMR,Cameroun,2020,19.831606,2138.0
JPN,Japon,CMR,Cameroun,2021,27.205979,1997.0
JPN,Japon,CMR,Cameroun,2022,24.517066,1958.0
JPN,Japon,CMR,Cameroun,2023,26.316305999999997,2237.0
JPN,Japon,CMR,Cameroun,2024,25.155214,2030.5
JPN,Japon,COG,Congo,2017,2.648,1824.0
JPN,Japon,COG,Congo,2018,2.421163,2074.0
JPN,Japon,COG,Congo,2019,2.6207670000000003,2190.0
JPN,Japon,COG,Congo,2020,3.237813,2138.0
JPN,Japon,COG,Congo,2021,6.980399,1997.0
JPN,Japon,COG,Congo,2022,4.611186999999999,1958.0
JPN,Japon,COG,Congo,2023,2.965421,2237.0
JPN,Japon,COG,Congo,2024,4.026579,2030.5
JPN,Japon,GAB,Gabon,2017,3.7851250000000003,1824.0
JPN,Japon,GAB,Gabon,2018,4.058194,2074.0
JPN,Japon,GAB,Gabon,2019,5.000488,2190.0
JPN,Japon,GAB,Gabon,2020,2.151904,2138.0
JPN,Japon,GAB,Gabon,2021,5.277639,1997.0
JPN,Japon,GAB,Gabon,2022,3.793942,1958.0
JPN,Japon,GAB,Gabon,2023,2.4573840000000002,2237.0
JPN,Japon,GAB,Gabon,2024,4.472454,2030.5
JPN,Japon,GNQ,Guinée équatoriale,2017,0.270016,1824.0
JPN,Japon,GNQ,Guinée équatoriale,2018,0.31696399999999997,2074.0
JPN,Japon,GNQ,Guinée équatoriale,2019,0.148165,2190.0
JPN,Japon,GNQ,Guinée équatoriale,2020,0.08652399999999999,2138.0
JPN,Japon,GNQ,Guinée équatoriale,2021,0.092791,1997.0
JPN,Japon,GNQ,Guinée équatoriale,2022,0.723417,1958.0
JPN,Japon,GNQ,Guinée équatoriale,2024,0.115714,1891.0
JPN,Japon,MAR,Maroc,2017,134.215965,1824.0
JPN,Japon,MAR,Maroc,2018,79.40912399999999,2074.0
JPN,Japon,MAR,Maroc,2019,27.838652,2190.0
JPN,Japon,MAR,Maroc,2020,49.847699,2138.0
JPN,Japon,MAR,Maroc,2021,183.463183,1997.0
JPN,Japon,MAR,Maroc,2022,214.107819,1958.0
JPN,Japon,MAR,Maroc,2023,94.86352099999999,2237.0
JPN,Japon,MAR,Maroc,2024,197.939133,2030.5
JPN,Japon,NER,Niger,2017,12.944308999999999,1824.0
JPN,Japon,NER,Niger,2018,12.199849,2074.0
JPN,Japon,NER,Niger,2019,13.876827,2190.0
JPN,Japon,NER,Niger,2020,9.441754,2138.0
JPN,Japon,NER,Niger,2021,22.170517,1997.0
JPN,Japon,NER,Niger,2022,13.083033,1958.0
JPN,Japon,NER,Niger,2023,27.162741,2237.0
JPN,Japon,NER,Niger,2024,7.047829,2030.5
JPN,Japon,SEN,Sénégal,2017,90.748902,1824.0
JPN,Japon,SEN,Sénégal,2018,24.309614,2074.0
JPN,Japon,SEN,Sénégal,2019,25.592523,2190.0
JPN,Japon,SEN,Sénégal,2020,31.887285,2138.0
JPN,Japon,SEN,Sénégal,2021,35.169922,1997.0
JPN,Japon,SEN,Sénégal,2022,90.015625,1958.0
JPN,Japon,SEN,Sénégal,2023,114.100539,2237.0
JPN,Japon,SEN,Sénégal,2024,144.681892,2030.5
JPN,Japon,TCD,Tchad,2017,9.750682000000001,1824.0
JPN,Japon,TCD,Tchad,2018,4.535818000000001,2074.0
JPN,Japon,TCD,Tchad,2019,4.561297000000001,2190.0
JPN,Japon,TCD,Tchad,2020,5.809615,2138.0
JPN,Japon,TCD,Tchad,2021,7.411206000000001,1997.0
JPN,Japon,TCD,Tchad,2022,12.292644,1958.0
JPN,Japon,TCD,Tchad,2023,15.210219,2237.0
JPN,Japon,TCD,Tchad,2024,4.082786,2030.5
JPN,Japon,TGO,Togo,2017,13.673383,1824.0
JPN,Japon,TGO,Togo,2018,21.909274999999997,2074.0
JPN,Japon,TGO,Togo,2019,14.568263,2190.0
JPN,Japon,TGO,Togo,2020,4.535169,2138.0
JPN,Japon,TGO,Togo,2021,3.4056789999999997,1997.0
JPN,Japon,TGO,Togo,2022,5.730576,1958.0
JPN,Japon,TGO,Togo,2023,15.01743,2237.0
JPN,Japon,TGO,Togo,2024,14.254811,2030.5
JPN,Japon,TUN,Tunisie,2017,94.99586400000001,1824.0
JPN,Japon,TUN,Tunisie,2018,135.16486899999998,2074.0
JPN,Japon,TUN,Tunisie,2019,140.599822,2190.0
JPN,Japon,TUN,Tunisie,2020,45.381505,2138.0
JPN,Japon,TUN,Tunisie,2021,67.81994499999999,1997.0
JPN,Japon,TUN,Tunisie,2022,64.44569,1958.0
JPN,Japon,TUN,Tunisie,2023,200.307397,2237.0
JPN,Japon,TUN,Tunisie,2024,139.969324,2237.0
LUX,Luxembourg,BEN,Bénin,2017,1.185786,180.0
LUX,Luxembourg,BEN,Bénin,2018,1.896268,226.0
LUX,Luxembourg,BEN,Bénin,2019,1.753757,226.0
LUX,Luxembourg,BEN,Bénin,2020,1.485886,272.0
LUX,Luxembourg,BEN,Bénin,2021,2.2469140000000003,315.0
LUX,Luxembourg,BEN,Bénin,2022,15.521968,315.0
LUX,Luxembourg,BEN,Bénin,2023,18.712541,404.0
LUX,Luxembourg,BEN,Bénin,2024,18.671094,462.0
LUX,Luxembourg,BFA,Burkina Faso,2017,34.654376,180.0
LUX,Luxembourg,BFA,Burkina Faso,2018,35.728549,226.0
LUX,Luxembourg,BFA,Burkina Faso,2019,43.189893,226.0
LUX,Luxembourg,BFA,Burkina Faso,2020,45.551675,272.0
LUX,Luxembourg,BFA,Burkina Faso,2021,50.920412999999996,315.0
LUX,Luxembourg,BFA,Burkina Faso,2022,35.836211,315.0
LUX,Luxembourg,BFA,Burkina Faso,2023,45.36217,404.0
LUX,Luxembourg,BFA,Burkina Faso,2024,35.015755999999996,462.0
LUX,Luxembourg,CIV,Côte d’Ivoire,2017,0.177892,180.0
LUX,Luxembourg,CIV,Côte d’Ivoire,2018,0.187589,226.0
LUX,Luxembourg,CIV,Côte d’Ivoire,2019,0.24711,226.0
LUX,Luxembourg,CIV,Côte d’Ivoire,2020,0.274998,272.0
LUX,Luxembourg,CIV,Côte d’Ivoire,2021,0.193077,315.0
LUX,Luxembourg,CIV,Côte d’Ivoire,2022,0.22524,315.0
LUX,Luxembourg,CIV,Côte d’Ivoire,2023,0.573951,404.0
LUX,Luxembourg,CIV,Côte d’Ivoire,2024,0.462049,462.0
LUX,Luxembourg,CMR,Cameroun,2017,0.6377,180.0
LUX,Luxembourg,CMR,Cameroun,2018,0.503259,226.0
LUX,Luxembourg,CMR,Cameroun,2019,0.932369,226.0
LUX,Luxembourg,CMR,Cameroun,2020,0.841506,272.0
LUX,Luxembourg,CMR,Cameroun,2021,0.377468,315.0
LUX,Luxembourg,CMR,Cameroun,2022,0.249104,315.0
LUX,Luxembourg,CMR,Cameroun,2023,0.56688,404.0
LUX,Luxembourg,CMR,Cameroun,2024,0.707431,462.0
LUX,Luxembourg,COG,Congo,2017,0.183606,180.0
LUX,Luxembourg,COG,Congo,2024,0.121156,462.0
LUX,Luxembourg,GNQ,Guinée équatoriale,2019,0.004808,226.0
LUX,Luxembourg,MAR,Maroc,2017,0.200596,180.0
LUX,Luxembourg,MAR,Maroc,2018,0.125452,226.0
LUX,Luxembourg,MAR,Maroc,2019,0.096602,226.0
LUX,Luxembourg,MAR,Maroc,2023,0.014582,404.0
LUX,Luxembourg,NER,Niger,2017,48.98748500000001,180.0
LUX,Luxembourg,NER,Niger,2018,63.418771,226.0
LUX,Luxembourg,NER,Niger,2019,64.71781200000001,226.0
LUX,Luxembourg,NER,Niger,2020,45.696219,272.0
LUX,Luxembourg,NER,Niger,2021,46.60983,315.0
LUX,Luxembourg,NER,Niger,2022,50.969657999999995,315.0
LUX,Luxembourg,NER,Niger,2023,28.664998,404.0
LUX,Luxembourg,NER,Niger,2024,11.873684,462.0
LUX,Luxembourg,SEN,Sénégal,2017,27.170334,180.0
LUX,Luxembourg,SEN,Sénégal,2018,31.634022,226.0
LUX,Luxembourg,SEN,Sénégal,2019,37.32979,226.0
LUX,Luxembourg,SEN,Sénégal,2020,21.741082,272.0
LUX,Luxembourg,SEN,Sénégal,2021,41.491383,315.0
LUX,Luxembourg,SEN,Sénégal,2022,33.596092999999996,315.0
LUX,Luxembourg,SEN,Sénégal,2023,28.088912999999998,404.0
LUX,Luxembourg,SEN,Sénégal,2024,34.940787,462.0
LUX,Luxembourg,TCD,Tchad,2018,0.580732,226.0
LUX,Luxembourg,TCD,Tchad,2019,0.882814,226.0
LUX,Luxembourg,TCD,Tchad,2020,0.338398,272.0
LUX,Luxembourg,TCD,Tchad,2021,1.060094,315.0
LUX,Luxembourg,TCD,Tchad,2022,0.625156,315.0
LUX,Luxembourg,TCD,Tchad,2023,1.628886,404.0
LUX,Luxembourg,TCD,Tchad,2024,1.057048,462.0
LUX,Luxembourg,TGO,Togo,2017,1.38939,180.0
LUX,Luxembourg,TGO,Togo,2018,1.117428,226.0
LUX,Luxembourg,TGO,Togo,2019,1.209992,226.0
LUX,Luxembourg,TGO,Togo,2020,0.986999,272.0
LUX,Luxembourg,TGO,Togo,2021,1.646816,315.0
LUX,Luxembourg,TGO,Togo,2022,1.514067,315.0
LUX,Luxembourg,TGO,Togo,2023,1.738274,404.0
LUX,Luxembourg,TGO,Togo,2024,4.716226,462.0
LUX,Luxembourg,TUN,Tunisie,2017,1.417738,180.0
LUX,Luxembourg,TUN,Tunisie,2018,1.179087,226.0
LUX,Luxembourg,TUN,Tunisie,2019,1.335996,226.0
LUX,Luxembourg,TUN,Tunisie,2020,0.32191,272.0
LUX,Luxembourg,TUN,Tunisie,2021,0.385718,315.0
LUX,Luxembourg,TUN,Tunisie,2022,0.51701,315.0
LUX,Luxembourg,TUN,Tunisie,2023,0.595322,404.0
LUX,Luxembourg,TUN,Tunisie,2024,0.495055,462.0
USA,États-Unis,BEN,Bénin,2017,167.11468699999998,46012.703125
USA,États-Unis,BEN,Bénin,2018,81.585159,47689.12109375
USA,États-Unis,BEN,Bénin,2019,129.619901,47981.9765625
USA,États-Unis,BEN,Bénin,2020,121.863213,48274.83203125
USA,États-Unis,BEN,Bénin,2021,202.84331200000003,45044.671875
USA,États-Unis,BEN,Bénin,2022,133.629334,50226.0078125
USA,États-Unis,BEN,Bénin,2023,161.963826,55407.34375
USA,États-Unis,BEN,Bénin,2024,91.71508399999999,50710.0234375
USA,États-Unis,BFA,Burkina Faso,2017,105.764706,46012.703125
USA,États-Unis,BFA,Burkina Faso,2018,91.899028,47689.12109375
USA,États-Unis,BFA,Burkina Faso,2019,130.360099,47981.9765625
USA,États-Unis,BFA,Burkina Faso,2020,150.913217,48274.83203125
USA,États-Unis,BFA,Burkina Faso,2021,219.27717900000002,45044.671875
USA,États-Unis,BFA,Burkina Faso,2022,225.993032,50226.0078125
USA,États-Unis,BFA,Burkina Faso,2023,189.505607,55407.34375
USA,États-Unis,BFA,Burkina Faso,2024,275.794694,50710.0234375
USA,États-Unis,CIV,Côte d’Ivoire,2017,210.921077,46012.703125
USA,États-Unis,CIV,Côte d’Ivoire,2018,242.64692499999998,47689.12109375
USA,États-Unis,CIV,Côte d’Ivoire,2019,94.04050099999999,47981.9765625
USA,États-Unis,CIV,Côte d’Ivoire,2020,246.320631,48274.83203125
USA,États-Unis,CIV,Côte d’Ivoire,2021,239.734002,45044.671875
USA,États-Unis,CIV,Côte d’Ivoire,2022,228.193788,50226.0078125
USA,États-Unis,CIV,Côte d’Ivoire,2023,324.54864599999996,55407.34375
USA,États-Unis,CIV,Côte d’Ivoire,2024,369.15185,50710.0234375
USA,États-Unis,CMR,Cameroun,2017,118.771719,46012.703125
USA,États-Unis,CMR,Cameroun,2018,149.055703,47689.12109375
USA,États-Unis,CMR,Cameroun,2019,116.724925,47981.9765625
USA,États-Unis,CMR,Cameroun,2020,249.275163,48274.83203125
USA,États-Unis,CMR,Cameroun,2021,171.251507,45044.671875
USA,États-Unis,CMR,Cameroun,2022,185.916157,50226.0078125
USA,États-Unis,CMR,Cameroun,2023,175.629245,55407.34375
USA,États-Unis,CMR,Cameroun,2024,182.604411,50710.0234375
USA,États-Unis,COG,Congo,2017,3.049405,46012.703125
USA,États-Unis,COG,Congo,2018,20.423161,47689.12109375
USA,États-Unis,COG,Congo,2019,13.877427,47981.9765625
USA,États-Unis,COG,Congo,2020,30.101273,48274.83203125
USA,États-Unis,COG,Congo,2021,27.692936000000003,45044.671875
USA,États-Unis,COG,Congo,2022,20.667492,50226.0078125
USA,États-Unis,COG,Congo,2023,22.061823,55407.34375
USA,États-Unis,COG,Congo,2024,18.374098,50710.0234375
USA,États-Unis,GAB,Gabon,2017,6.63149,46012.703125
USA,États-Unis,GAB,Gabon,2018,2.730318,47689.12109375
USA,États-Unis,GAB,Gabon,2019,0.373636,47981.9765625
USA,États-Unis,GAB,Gabon,2020,1.547831,48274.83203125
USA,États-Unis,GAB,Gabon,2021,2.7642,45044.671875
USA,États-Unis,GAB,Gabon,2022,0.528984,50226.0078125
USA,États-Unis,GAB,Gabon,2023,2.228292,55407.34375
USA,États-Unis,GAB,Gabon,2024,1.739827,50710.0234375
USA,États-Unis,GNQ,Guinée équatoriale,2017,2.785805,46012.703125
USA,États-Unis,GNQ,Guinée équatoriale,2018,1.495632,47689.12109375
USA,États-Unis,GNQ,Guinée équatoriale,2019,0.585043,47981.9765625
USA,États-Unis,GNQ,Guinée équatoriale,2020,0.15414,48274.83203125
USA,États-Unis,GNQ,Guinée équatoriale,2021,0.405086,45044.671875
USA,États-Unis,GNQ,Guinée équatoriale,2022,0.554034,50226.0078125
USA,États-Unis,GNQ,Guinée équatoriale,2023,0.117855,55407.34375
USA,États-Unis,GNQ,Guinée équatoriale,2024,1.464478,50710.0234375
USA,États-Unis,MAR,Maroc,2017,84.075986,46012.703125
USA,États-Unis,MAR,Maroc,2018,96.648193,47689.12109375
USA,États-Unis,MAR,Maroc,2019,102.200404,47981.9765625
USA,États-Unis,MAR,Maroc,2020,135.94843400000002,48274.83203125
USA,États-Unis,MAR,Maroc,2021,317.661408,45044.671875
USA,États-Unis,MAR,Maroc,2022,257.63568399999997,50226.0078125
USA,États-Unis,MAR,Maroc,2023,188.166582,55407.34375
USA,États-Unis,MAR,Maroc,2024,57.789506,50710.0234375
USA,États-Unis,NER,Niger,2017,99.401833,46012.703125
USA,États-Unis,NER,Niger,2018,197.725058,47689.12109375
USA,États-Unis,NER,Niger,2019,194.280891,47981.9765625
USA,États-Unis,NER,Niger,2020,252.95393,48274.83203125
USA,États-Unis,NER,Niger,2021,302.08712499999996,45044.671875
USA,États-Unis,NER,Niger,2022,254.50726799999998,50226.0078125
USA,États-Unis,NER,Niger,2023,326.691348,55407.34375
USA,États-Unis,NER,Niger,2024,293.17358299999995,50710.0234375
USA,États-Unis,SEN,Sénégal,2017,223.347939,46012.703125
USA,États-Unis,SEN,Sénégal,2018,246.166757,47689.12109375
USA,États-Unis,SEN,Sénégal,2019,255.36874300000002,47981.9765625
USA,États-Unis,SEN,Sénégal,2020,232.715779,48274.83203125
USA,États-Unis,SEN,Sénégal,2021,232.887796,45044.671875
USA,États-Unis,SEN,Sénégal,2022,182.88414,50226.0078125
USA,États-Unis,SEN,Sénégal,2023,287.27268200000003,55407.34375
USA,États-Unis,SEN,Sénégal,2024,380.783635,50710.0234375
USA,États-Unis,TCD,Tchad,2017,44.171874,46012.703125
USA,États-Unis,TCD,Tchad,2018,114.684717,47689.12109375
USA,États-Unis,TCD,Tchad,2019,79.08302,47981.9765625
USA,États-Unis,TCD,Tchad,2020,105.126371,48274.83203125
USA,États-Unis,TCD,Tchad,2021,127.498619,45044.671875
USA,États-Unis,TCD,Tchad,2022,70.90130500000001,50226.0078125
USA,États-Unis,TCD,Tchad,2023,76.402824,55407.34375
USA,États-Unis,TCD,Tchad,2024,183.308907,50710.0234375
USA,États-Unis,TGO,Togo,2017,7.519186,46012.703125
USA,États-Unis,TGO,Togo,2018,6.238321,47689.12109375
USA,États-Unis,TGO,Togo,2019,5.866820000000001,47981.9765625
USA,États-Unis,TGO,Togo,2020,8.043395,48274.83203125
USA,États-Unis,TGO,Togo,2021,23.614535,45044.671875
USA,États-Unis,TGO,Togo,2022,19.300425,50226.0078125
USA,États-Unis,TGO,Togo,2023,34.751,55407.34375
USA,États-Unis,TGO,Togo,2024,70.8558,50710.0234375
USA,États-Unis,TUN,Tunisie,2017,40.693566000000004,46012.703125
USA,États-Unis,TUN,Tunisie,2018,56.707645,47689.12109375
USA,États-Unis,TUN,Tunisie,2019,156.274494,47981.9765625
USA,États-Unis,TUN,Tunisie,2020,112.889139,48274.83203125
USA,États-Unis,TUN,Tunisie,2021,132.279314,45044.671875
USA,États-Unis,TUN,Tunisie,2022,83.960267,50226.0078125
USA,États-Unis,TUN,Tunisie,2023,142.639328,55407.34375
USA,États-Unis,TUN,Tunisie,2024,87.893316,55407.34375
